ITEMIDPARENT,Category,Textbox28,Catalogued on Jiomart,Images,Prices,Action
4CONRILROU00030000AP,Gold Coins,CONRILROU,#N/A,CONRILROU,#N/A,Catalogue to be done
843277-SL-IDOL,Silver Idol Eco,843277,#N/A,843277,2884,Catalogue to be done
AIDOLEFI1XX0080000AP,Silver Idol,IDOLEFI1X,#N/A,IDOLEFI1X,4326,Catalogue to be done
ACONRILROU00310000AP,Silver Coins,CONRILROU,#N/A,CONRILROU,#N/A,Catalogue to be done
843273-SL-IDOL,Silver Idol Eco,843273,#N/A,843273,2575,Catalogue to be done
843275-SL-IDOL,Silver Idol Eco,843275,#N/A,843275,2884,Catalogue to be done
ASPSTBG1961PD73WCZ,Silver Jewellery,PSTBG1961,#N/A,PSTBG1961,3605,Catalogue to be done
ASERGCG20EK0073WCZ,Silver Jewellery,ERGCG20EK,#N/A,ERGCG20EK,1854,Catalogue to be done
ASERGCG20CL0073WCZ,Silver Jewellery,ERGCG20CL,#N/A,ERGCG20CL,1236,Catalogue to be done
ASERGCG20EM0073WCZ,Silver Jewellery,ERGCG20EM,#N/A,ERGCG20EM,1648,Catalogue to be done
ASRNGCG20EQA600WCZ,Silver Jewellery,RNGCG20EQ,#N/A,RNGCG20EQ,1236,Catalogue to be done
ASBLTCG20FFE400WCZ,Silver Jewellery,BLTCG20FF,#N/A,BLTCG20FF,3399,Catalogue to be done
ASBLTCG20FGE400WCZ,Silver Jewellery,BLTCG20FG,#N/A,BLTCG20FG,2575,Catalogue to be done
ASBLTCG20FHE400WCZ,Silver Jewellery,BLTCG20FH,#N/A,BLTCG20FH,2369,Catalogue to be done
ASNKLCG20FO0000WCZ,Silver Jewellery,NKLCG20FO,#N/A,NKLCG20FO,1545,Catalogue to be done
ASERGCG20FP0073WCZ,Silver Jewellery,ERGCG20FP,#N/A,ERGCG20FP,2678,Catalogue to be done
ASERGCG20FQ0073WCZ,Silver Jewellery,ERGCG20FQ,#N/A,ERGCG20FQ,2369,Catalogue to be done
ASERGCG20GT0073WCZ,Silver Jewellery,ERGCG20GT,#N/A,ERGCG20GT,1957,Catalogue to be done
ASERGCG20GV0073WCZ,Silver Jewellery,ERGCG20GV,#N/A,ERGCG20GV,1545,Catalogue to be done
ASERGCG20HB0075WCZ,Silver Jewellery,ERGCG20HB,#N/A,ERGCG20HB,824,Catalogue to be done
ASRNGCG20HLA700WCZ,Silver Jewellery,RNGCG20HL,#N/A,RNGCG20HL,927,Catalogue to be done
ASRNGCG20HMA600WCZ,Silver Jewellery,RNGCG20HM,#N/A,RNGCG20HM,618,Catalogue to be done
ASRNGCG20HMA800WCZ,Silver Jewellery,RNGCG20HM,#N/A,RNGCG20HM,618,Catalogue to be done
ASRNGCG20HPA600WCZ,Silver Jewellery,RNGCG20HP,#N/A,RNGCG20HP,927,Catalogue to be done
ASRNGCG20HVA500WCZ,Silver Jewellery,RNGCG20HV,#N/A,RNGCG20HV,927,Catalogue to be done
ASRNGCG20HVA700WCZ,Silver Jewellery,RNGCG20HV,#N/A,RNGCG20HV,927,Catalogue to be done
ASRNGCG20HYA800WCZ,Silver Jewellery,RNGCG20HY,#N/A,RNGCG20HY,1442,Catalogue to be done
ASRNGCG20HZA600WCZ,Silver Jewellery,RNGCG20HZ,#N/A,RNGCG20HZ,824,Catalogue to be done
ASRNGCG20HZA700WCZ,Silver Jewellery,RNGCG20HZ,#N/A,RNGCG20HZ,824,Catalogue to be done
ASRNGCG20IAA700WCZ,Silver Jewellery,RNGCG20IA,#N/A,RNGCG20IA,824,Catalogue to be done
ASRNGCG20IFA700WCZ,Silver Jewellery,RNGCG20IF,#N/A,RNGCG20IF,1133,Catalogue to be done
ASRNGCG20IIA800WCZ,Silver Jewellery,RNGCG20II,#N/A,RNGCG20II,1236,Catalogue to be done
ASRNGCG20ILA600WCZ,Silver Jewellery,RNGCG20IL,#N/A,RNGCG20IL,1648,Catalogue to be done
ASRNGCG20INA600WCZ,Silver Jewellery,RNGCG20IN,#N/A,RNGCG20IN,824,Catalogue to be done
ASRNGCG20IOA700WCZ,Silver Jewellery,RNGCG20IO,#N/A,RNGCG20IO,1442,Catalogue to be done
ASCONGN19AO0000WPG,Silver Coins,CONGN19AO,#N/A,CONGN19AO,#N/A,Catalogue to be done
ASRNGDG20A3A700WCZ,Silver Jewellery,RNGDG20A3,#N/A,RNGDG20A3,1030,Catalogue to be done
ASRNGDG20C3A800WCZ,Silver Jewellery,RNGDG20C3,#N/A,RNGDG20C3,1236,Catalogue to be done
ASRNGDG20G3B400WPG,Silver Jewellery,RNGDG20G3,#N/A,RNGDG20G3,1030,Catalogue to be done
4GCONLX19BB0000YPG,Gold Coins,CONLX19BB,#N/A,CONLX19BB,#N/A,Catalogue to be done
ASRNGBG19WQA600WCZ,Silver Jewellery,RNGBG19WQ,#N/A,RNGBG19WQ,721,Catalogue to be done
ASRNGCG20CKA700WCZ,Silver Jewellery,RNGCG20CK,#N/A,RNGCG20CK,927,Catalogue to be done
ASRNGBG19VKA700WCZ,Silver Jewellery,RNGBG19VK,#N/A,RNGBG19VK,412,Catalogue to be done
ASRNGBG19VRA700WCZ,Silver Jewellery,RNGBG19VR,#N/A,RNGBG19VR,515,Catalogue to be done
ASRNGBG19VYA700WCZ,Silver Jewellery,RNGBG19VY,#N/A,RNGBG19VY,567,Catalogue to be done
ASRNGBG19WFA700WCZ,Silver Jewellery,RNGBG19WF,#N/A,RNGBG19WF,618,Catalogue to be done
ASRNGBG19XOA700WCZ,Silver Jewellery,RNGBG19XO,#N/A,RNGBG19XO,824,Catalogue to be done
ASERGDG20E90073WCZ,Silver Jewellery,ERGDG20E9,#N/A,ERGDG20E9,1236,Catalogue to be done
ASERGDG20F90073WCZ,Silver Jewellery,ERGDG20F9,#N/A,ERGDG20F9,1442,Catalogue to be done
ASERGDG20G90073WCZ,Silver Jewellery,ERGDG20G9,#N/A,ERGDG20G9,1236,Catalogue to be done
ASERGDG20I90073WCZ,Silver Jewellery,ERGDG20I9,#N/A,ERGDG20I9,1030,Catalogue to be done
ASERGDG20K90073WCZ,Silver Jewellery,ERGDG20K9,#N/A,ERGDG20K9,1133,Catalogue to be done
ASERGDG20O90073WPG,Silver Jewellery,ERGDG20O9,#N/A,ERGDG20O9,1030,Catalogue to be done
ASERGDG20Q90073WCZ,Silver Jewellery,ERGDG20Q9,#N/A,ERGDG20Q9,1648,Catalogue to be done
ASERGDG20R90073WPG,Silver Jewellery,ERGDG20R9,#N/A,ERGDG20R9,1751,Catalogue to be done
ASRNGDG20Q8A700WCZ,Silver Jewellery,RNGDG20Q8,#N/A,RNGDG20Q8,1030,Catalogue to be done
ASRNGDG20Q8A600WCZ,Silver Jewellery,RNGDG20Q8,#N/A,RNGDG20Q8,1030,Catalogue to be done
ASRNGDG20Q8A800WCZ,Silver Jewellery,RNGDG20Q8,#N/A,RNGDG20Q8,1030,Catalogue to be done
ASRNGDG20R8A900WCZ,Silver Jewellery,RNGDG20R8,#N/A,RNGDG20R8,1030,Catalogue to be done
ASRNGDG20R8A800WCZ,Silver Jewellery,RNGDG20R8,#N/A,RNGDG20R8,1030,Catalogue to be done
ASRNGDG20R8A600WCZ,Silver Jewellery,RNGDG20R8,#N/A,RNGDG20R8,1030,Catalogue to be done
ASRNGDG20R8A700WCZ,Silver Jewellery,RNGDG20R8,#N/A,RNGDG20R8,1030,Catalogue to be done
ASRNGDG20S8A600WCZ,Silver Jewellery,RNGDG20S8,#N/A,RNGDG20S8,1957,Catalogue to be done
ASRNGDG20T8A800WCZ,Silver Jewellery,RNGDG20T8,#N/A,RNGDG20T8,1133,Catalogue to be done
ASRNGDG20T8A600WCZ,Silver Jewellery,RNGDG20T8,#N/A,RNGDG20T8,1133,Catalogue to be done
ASRNGDG20T8A700WCZ,Silver Jewellery,RNGDG20T8,#N/A,RNGDG20T8,1133,Catalogue to be done
ASRNGDG20U8A600WCZ,Silver Jewellery,RNGDG20U8,#N/A,RNGDG20U8,927,Catalogue to be done
ASRNGDG20V8A600WCZ,Silver Jewellery,RNGDG20V8,#N/A,RNGDG20V8,1751,Catalogue to be done
ASRNGDG20V8A700WCZ,Silver Jewellery,RNGDG20V8,#N/A,RNGDG20V8,1751,Catalogue to be done
ASRNGDG20V8A800WCZ,Silver Jewellery,RNGDG20V8,#N/A,RNGDG20V8,1751,Catalogue to be done
ASRNGDG20V8A900WCZ,Silver Jewellery,RNGDG20V8,#N/A,RNGDG20V8,1751,Catalogue to be done
ASRNGDG20W8A900WCZ,Silver Jewellery,RNGDG20W8,#N/A,RNGDG20W8,1030,Catalogue to be done
ASRNGDG20W8A600WCZ,Silver Jewellery,RNGDG20W8,#N/A,RNGDG20W8,1030,Catalogue to be done
ASRNGDG20W8A800WCZ,Silver Jewellery,RNGDG20W8,#N/A,RNGDG20W8,1030,Catalogue to be done
ASRNGDG20W8A700WCZ,Silver Jewellery,RNGDG20W8,#N/A,RNGDG20W8,1030,Catalogue to be done
ASRNGDG20X8A600WCZ,Silver Jewellery,RNGDG20X8,#N/A,RNGDG20X8,1442,Catalogue to be done
ASRNGDG20X8A800WCZ,Silver Jewellery,RNGDG20X8,#N/A,RNGDG20X8,1442,Catalogue to be done
ASRNGDG20X8A700WCZ,Silver Jewellery,RNGDG20X8,#N/A,RNGDG20X8,1442,Catalogue to be done
ASPDTCG20CG0000WCZ,Silver Jewellery,PDTCG20CG,#N/A,PDTCG20CG,824,Catalogue to be done
ASTORDG20ALFS00WPG,Silver Jewellery,TORDG20AL,#N/A,TORDG20AL,721,Catalogue to be done
ASTORDG20AXFS00WPG,Silver Jewellery Eco,TORDG20AX,#N/A,TORDG20AX,876,Catalogue to be done
ASCHNEG21CDB300WPG,Silver Jewellery,CHNEG21CD,#N/A,CHNEG21CD,2112,Catalogue to be done
ASCHNEG21CHB100WPG,Silver Jewellery,CHNEG21CH,#N/A,CHNEG21CH,1236,Catalogue to be done
ASBLTDG20W4A600WCZ,Silver Jewellery,BLTDG20W4,#N/A,BLTDG20W4,1236,Catalogue to be done
ASBLTDG20BCA900WPG,Silver Jewellery,BLTDG20BC,#N/A,BLTDG20BC,4326,Catalogue to be done
ASBLTDG20BHA900WPG,Silver Jewellery,BLTDG20BH,#N/A,BLTDG20BH,3296,Catalogue to be done
ASBLTDG20W4A700WCZ,Silver Jewellery,BLTDG20W4,#N/A,BLTDG20W4,1236,Catalogue to be done
ASRNGEG21DPB300WCZ,Silver Jewellery,RNGEG21DP,#N/A,RNGEG21DP,1133,Catalogue to be done
ASERGEG21DZ0073WCZ,Silver Jewellery,ERGEG21DZ,#N/A,ERGEG21DZ,#N/A,Catalogue to be done
ASBLTEG21JYFS00WPG,Silver Jewellery,BLTEG21JY,#N/A,BLTEG21JY,1030,Catalogue to be done
ASBLTEG21KBFS00WPG,Silver Jewellery,BLTEG21KB,#N/A,BLTEG21KB,721,Catalogue to be done
ASRNGBG19XWA600WCZ,Silver Jewellery,RNGBG19XW,#N/A,RNGBG19XW,927,Catalogue to be done
ASRNGDG20C4A700WCZ,Silver Jewellery,RNGDG20C4,#N/A,RNGDG20C4,618,Catalogue to be done
ASRNGEG21NZA500WCZ,Silver Jewellery,RNGEG21NZ,#N/A,RNGEG21NZ,1391,Catalogue to be done
ASRNGEG21OCB200WCZ,Silver Jewellery,RNGEG21OC,#N/A,RNGEG21OC,1288,Catalogue to be done
ASRNGEG21OMA900WCZ,Silver Jewellery,RNGEG21OM,#N/A,RNGEG21OM,1545,Catalogue to be done
ASRNGEG21OPA500WCZ,Silver Jewellery,RNGEG21OP,#N/A,RNGEG21OP,1288,Catalogue to be done
ASRNGEG21PJA500WCZ,Silver Jewellery,RNGEG21PJ,#N/A,RNGEG21PJ,1597,Catalogue to be done
ASRNGEG21RAA500WCZ,Silver Jewellery,RNGEG21RA,#N/A,RNGEG21RA,1751,Catalogue to be done
ASRNGEG21RRA700WCZ,Silver Jewellery,RNGEG21RR,#N/A,RNGEG21RR,1648,Catalogue to be done
ASRNGEG21RVA800WCZ,Silver Jewellery,RNGEG21RV,#N/A,RNGEG21RV,1751,Catalogue to be done
ASRNGEG21RWA800WCZ,Silver Jewellery,RNGEG21RW,#N/A,RNGEG21RW,1854,Catalogue to be done
ASRNGEG21RZA500WCZ,Silver Jewellery,RNGEG21RZ,#N/A,RNGEG21RZ,1339,Catalogue to be done
ASRNGEG21SNB200WPG,Silver Jewellery,RNGEG21SN,#N/A,RNGEG21SN,1648,Catalogue to be done
ASPDTEG21OO0000WPG,Silver Jewellery,PDTEG21OO,#N/A,PDTEG21OO,1545,Catalogue to be done
ASPDTEG21QR0000WCZ,Silver Jewellery,PDTEG21QR,#N/A,PDTEG21QR,1339,Catalogue to be done
ASPSTEG21LW0073WCZ,Silver Jewellery,PSTEG21LW,#N/A,PSTEG21LW,2575,Catalogue to be done
ASSETEG21SJNK73WCZ,Silver Jewellery,SETEG21SJ,#N/A,SETEG21SJ,4378,Catalogue to be done
ASSETEG21SKNK73WCZ,Silver Jewellery,SETEG21SK,#N/A,SETEG21SK,4429,Catalogue to be done
ASSETEG21SQNK73WCZ,Silver Jewellery,SETEG21SQ,#N/A,SETEG21SQ,5305,Catalogue to be done
ASERGBG19ZD0073WCZ,Silver Jewellery,ERGBG19ZD,#N/A,ERGBG19ZD,1442,Catalogue to be done
ASBLTEG21KPA700WCZ,Silver Jewellery,BLTEG21KP,#N/A,BLTEG21KP,3502,Catalogue to be done
ASBLTEG21KQA600WCZ,Silver Jewellery,BLTEG21KQ,#N/A,BLTEG21KQ,2987,Catalogue to be done
ASBLTEG21KQA700WCZ,Silver Jewellery,BLTEG21KQ,#N/A,BLTEG21KQ,2987,Catalogue to be done
ASBLTEG21KSA700WCZ,Silver Jewellery,BLTEG21KS,#N/A,BLTEG21KS,2987,Catalogue to be done
ASBLTEG21KTFS00WCZ,Silver Jewellery,BLTEG21KT,#N/A,BLTEG21KT,3296,Catalogue to be done
ASCHNDG20BPB100WPG,Silver Jewellery,CHNDG20BP,#N/A,CHNDG20BP,1854,Catalogue to be done
ASCHNDG20BPB300WPG,Silver Jewellery,CHNDG20BP,#N/A,CHNDG20BP,1854,Catalogue to be done
ASCHNDG20BTB100WPG,Silver Jewellery,CHNDG20BT,#N/A,CHNDG20BT,1545,Catalogue to be done
ASCHNDG20BTB300WPG,Silver Jewellery,CHNDG20BT,#N/A,CHNDG20BT,1545,Catalogue to be done
ASCHNEG21AAB100WPG,Silver Jewellery,CHNEG21AA,#N/A,CHNEG21AA,1030,Catalogue to be done
ASCHNEG21AEB100WPG,Silver Jewellery,CHNEG21AE,#N/A,CHNEG21AE,1288,Catalogue to be done
ASCHNEG21AEB300WPG,Silver Jewellery,CHNEG21AE,#N/A,CHNEG21AE,1288,Catalogue to be done
ASCHNEG21AGB300WPG,Silver Jewellery,CHNEG21AG,#N/A,CHNEG21AG,3090,Catalogue to be done
ASCHNEG21AIB100WPG,Silver Jewellery,CHNEG21AI,#N/A,CHNEG21AI,3039,Catalogue to be done
ASCHNEG21AIB300WPG,Silver Jewellery,CHNEG21AI,#N/A,CHNEG21AI,3039,Catalogue to be done
ASCHNEG21AJB100WPG,Silver Jewellery,CHNEG21AJ,#N/A,CHNEG21AJ,2678,Catalogue to be done
ASCHNEG21AJB300WPG,Silver Jewellery,CHNEG21AJ,#N/A,CHNEG21AJ,2678,Catalogue to be done
ASCHNEG21ALB100WPG,Silver Jewellery,CHNEG21AL,#N/A,CHNEG21AL,979,Catalogue to be done
ASCHNEG21ALB300WPG,Silver Jewellery,CHNEG21AL,#N/A,CHNEG21AL,979,Catalogue to be done
ASCHNEG21AMB100WPG,Silver Jewellery,CHNEG21AM,#N/A,CHNEG21AM,2730,Catalogue to be done
ASCHNEG21APB300WPG,Silver Jewellery,CHNEG21AP,#N/A,CHNEG21AP,773,Catalogue to be done
ASCHNEG21APB500WPG,Silver Jewellery,CHNEG21AP,#N/A,CHNEG21AP,773,Catalogue to be done
ASCHNEG21AQB500WPG,Silver Jewellery,CHNEG21AQ,#N/A,CHNEG21AQ,670,Catalogue to be done
ASCHNEG21ARB100WPG,Silver Jewellery,CHNEG21AR,#N/A,CHNEG21AR,824,Catalogue to be done
ASCHNEG21ARB300WPG,Silver Jewellery,CHNEG21AR,#N/A,CHNEG21AR,824,Catalogue to be done
ASCHNEG21ARB500WPG,Silver Jewellery,CHNEG21AR,#N/A,CHNEG21AR,824,Catalogue to be done
ASCHNEG21AUB100WPG,Silver Jewellery,CHNEG21AU,#N/A,CHNEG21AU,1185,Catalogue to be done
ASCHNEG21AUB300WPG,Silver Jewellery,CHNEG21AU,#N/A,CHNEG21AU,1185,Catalogue to be done
ASCHNEG21AXB100WPG,Silver Jewellery,CHNEG21AX,#N/A,CHNEG21AX,824,Catalogue to be done
ASCHNEG21AXB300WPG,Silver Jewellery,CHNEG21AX,#N/A,CHNEG21AX,824,Catalogue to be done
ASCHNEG21AXB500WPG,Silver Jewellery,CHNEG21AX,#N/A,CHNEG21AX,824,Catalogue to be done
ASCHNEG21BAB100WPG,Silver Jewellery,CHNEG21BA,#N/A,CHNEG21BA,2112,Catalogue to be done
ASCHNEG21BAB300WPG,Silver Jewellery,CHNEG21BA,#N/A,CHNEG21BA,2112,Catalogue to be done
ASCHNEG21BGB100WPG,Silver Jewellery,CHNEG21BG,#N/A,CHNEG21BG,1442,Catalogue to be done
ASCHNEG21BGB300WPG,Silver Jewellery,CHNEG21BG,#N/A,CHNEG21BG,1442,Catalogue to be done
ASCHNEG21BVB100WPG,Silver Jewellery,CHNEG21BV,#N/A,CHNEG21BV,1236,Catalogue to be done
ASCHNEG21BVB300WPG,Silver Jewellery,CHNEG21BV,#N/A,CHNEG21BV,1236,Catalogue to be done
ASCHNEG21CKB100WPG,Silver Jewellery,CHNEG21CK,#N/A,CHNEG21CK,1030,Catalogue to be done
4GCONEC21AM0000YPG,Gold Coins,CONEC21AM,#N/A,CONEC21AM,#N/A,Catalogue to be done
ASERGBG19050073WCZ,Silver Jewellery,ERGBG1905,#N/A,ERGBG1905,1854,Catalogue to be done
ASERGCG20FR0073WCZ,Silver Jewellery,ERGCG20FR,#N/A,ERGCG20FR,1442,Catalogue to be done
ASERGCG20FS0073WCZ,Silver Jewellery,ERGCG20FS,#N/A,ERGCG20FS,1133,Catalogue to be done
ASERGCG20FT0073WCZ,Silver Jewellery,ERGCG20FT,#N/A,ERGCG20FT,1545,Catalogue to be done
ASERGCG20FW0073WCZ,Silver Jewellery,ERGCG20FW,#N/A,ERGCG20FW,1030,Catalogue to be done
ASERGCG20GR0073WCZ,Silver Jewellery,ERGCG20GR,#N/A,ERGCG20GR,2060,Catalogue to be done
ASERGDG20C90073WPG,Silver Jewellery,ERGDG20C9,#N/A,ERGDG20C9,927,Catalogue to be done
ASERGDG20J90073WCZ,Silver Jewellery,ERGDG20J9,#N/A,ERGDG20J9,1133,Catalogue to be done
ASERGDG20M90073WPG,Silver Jewellery,ERGDG20M9,#N/A,ERGDG20M9,1545,Catalogue to be done
ASERGDG20P90073WCZ,Silver Jewellery,ERGDG20P9,#N/A,ERGDG20P9,1236,Catalogue to be done
ASERGEG21CO0073WCZ,Silver Jewellery,ERGEG21CO,#N/A,ERGEG21CO,1545,Catalogue to be done
ASERGEG21DE0073WCZ,Silver Jewellery,ERGEG21DE,#N/A,ERGEG21DE,1133,Catalogue to be done
ASERGEG21DH0073WCZ,Silver Jewellery,ERGEG21DH,#N/A,ERGEG21DH,2060,Catalogue to be done
ASERGEG21EB0073WCZ,Silver Jewellery,ERGEG21EB,#N/A,ERGEG21EB,1437,Catalogue to be done
ASERGEG21LA0073WCZ,Silver Jewellery,ERGEG21LA,#N/A,ERGEG21LA,1185,Catalogue to be done
ASERGEG21LC0073WCZ,Silver Jewellery,ERGEG21LC,#N/A,ERGEG21LC,2060,Catalogue to be done
ASERGEG21LD0073WCZ,Silver Jewellery,ERGEG21LD,#N/A,ERGEG21LD,1803,Catalogue to be done
ASERGEG21LG0073WCZ,Silver Jewellery,ERGEG21LG,#N/A,ERGEG21LG,2060,Catalogue to be done
ASERGEG21LI0073WCZ,Silver Jewellery,ERGEG21LI,#N/A,ERGEG21LI,1133,Catalogue to be done
ASERGEG21OW0075WCZ,Silver Jewellery,ERGEG21OW,#N/A,ERGEG21OW,1185,Catalogue to be done
ASERGEG21QN0073WCZ,Silver Jewellery,ERGEG21QN,#N/A,ERGEG21QN,979,Catalogue to be done
ASERGEG21QP0073WCZ,Silver Jewellery,ERGEG21QP,#N/A,ERGEG21QP,2060,Catalogue to be done
ASERGEG21QQ0073WCZ,Silver Jewellery,ERGEG21QQ,#N/A,ERGEG21QQ,1854,Catalogue to be done
ASERGEG21SI0073WPG,Silver Jewellery,ERGEG21SI,#N/A,ERGEG21SI,2936,Catalogue to be done
ASANKDG20AEB400WPG,Silver Jewellery,ANKDG20AE,#N/A,ANKDG20AE,4996,Catalogue to be done
ASANKDG20V9B400WPG,Silver Jewellery,ANKDG20V9,#N/A,ANKDG20V9,6026,Catalogue to be done
ASANKDG20W9B400WPG,Silver Jewellery,ANKDG20W9,#N/A,ANKDG20W9,6644,Catalogue to be done
ASANKDG20X9B400WPG,Silver Jewellery,ANKDG20X9,#N/A,ANKDG20X9,6592,Catalogue to be done
ASANKDG20Y9B400WPG,Silver Jewellery,ANKDG20Y9,#N/A,ANKDG20Y9,4481,Catalogue to be done
ASANKDG20Z9B400WPG,Silver Jewellery,ANKDG20Z9,#N/A,ANKDG20Z9,5717,Catalogue to be done
ASANKEG21QBB400WPG,Silver Jewellery,ANKEG21QB,#N/A,ANKEG21QB,6386,Catalogue to be done
ASBANBG1965C2B1WPG,Silver Jewellery,BANBG1965,#N/A,BANBG1965,3399,Catalogue to be done
ASBLTEG21FGE500WCZ,Silver Jewellery,BLTEG21FG,#N/A,BLTEG21FG,1854,Catalogue to be done
ASBLTEG21FHFS00WCZ,Silver Jewellery,BLTEG21FH,#N/A,BLTEG21FH,2318,Catalogue to be done
ASNKLCG20IT0000WCZ,Silver Jewellery,NKLCG20IT,#N/A,NKLCG20IT,1030,Catalogue to be done
ASPDTBG19WC0000WPG,Silver Jewellery,PDTBG19WC,#N/A,PDTBG19WC,567,Catalogue to be done
ASPDTBG19WE0000WPG,Silver Jewellery,PDTBG19WE,#N/A,PDTBG19WE,618,Catalogue to be done
ASPDTBG19WN0000WPG,Silver Jewellery,PDTBG19WN,#N/A,PDTBG19WN,618,Catalogue to be done
ASPDTBG19WP0000WPG,Silver Jewellery,PDTBG19WP,#N/A,PDTBG19WP,618,Catalogue to be done
ASPDTBG19WR0000WPG,Silver Jewellery,PDTBG19WR,#N/A,PDTBG19WR,824,Catalogue to be done
ASPDTBG19WY0000WPG,Silver Jewellery,PDTBG19WY,#N/A,PDTBG19WY,824,Catalogue to be done
ASPDTBG19YT0000WPG,Silver Jewellery,PDTBG19YT,#N/A,PDTBG19YT,1339,Catalogue to be done
ASPDTCG20CF0000WCZ,Silver Jewellery,PDTCG20CF,#N/A,PDTCG20CF,1442,Catalogue to be done
ASPDTCG20EO0000WCZ,Silver Jewellery,PDTCG20EO,#N/A,PDTCG20EO,1339,Catalogue to be done
ASPDTCG20EP0000WCZ,Silver Jewellery,PDTCG20EP,#N/A,PDTCG20EP,1442,Catalogue to be done
ASPDTCG20EX0000WCZ,Silver Jewellery,PDTCG20EX,#N/A,PDTCG20EX,1751,Catalogue to be done
ASPDTCG20EZ0000WCZ,Silver Jewellery,PDTCG20EZ,#N/A,PDTCG20EZ,1236,Catalogue to be done
ASPDTDG20E50000WPG,Silver Jewellery,PDTDG20E5,#N/A,PDTDG20E5,1133,Catalogue to be done
ASPDTDG20F50000WPG,Silver Jewellery,PDTDG20F5,#N/A,PDTDG20F5,927,Catalogue to be done
ASPDTDG20G50000WPG,Silver Jewellery,PDTDG20G5,#N/A,PDTDG20G5,1133,Catalogue to be done
ASPDTEG21LN0000WCZ,Silver Jewellery,PDTEG21LN,#N/A,PDTEG21LN,1391,Catalogue to be done
ASPDTEG21LR0000WCZ,Silver Jewellery,PDTEG21LR,#N/A,PDTEG21LR,1391,Catalogue to be done
ASPDTEG21LS0000WCZ,Silver Jewellery,PDTEG21LS,#N/A,PDTEG21LS,1597,Catalogue to be done
ASPDTEG21LU0000WCZ,Silver Jewellery,PDTEG21LU,#N/A,PDTEG21LU,1236,Catalogue to be done
ASPSTBG1955PD73WCZ,Silver Jewellery,PSTBG1955,#N/A,PSTBG1955,3605,Catalogue to be done
ASPSTBG1967PD73WCZ,Silver Jewellery,PSTBG1967,#N/A,PSTBG1967,3605,Catalogue to be done
ASPSTBG1981PD73WCZ,Silver Jewellery,PSTBG1981,#N/A,PSTBG1981,4944,Catalogue to be done
ASPSTDG20O7PD73WCZ,Silver Jewellery,PSTDG20O7,#N/A,PSTDG20O7,1648,Catalogue to be done
ASPSTDG20P7PD73WCZ,Silver Jewellery,PSTDG20P7,#N/A,PSTDG20P7,1854,Catalogue to be done
ASPSTDG20Q7PD73WCZ,Silver Jewellery,PSTDG20Q7,#N/A,PSTDG20Q7,2163,Catalogue to be done
ASPSTEG21LV0073WCZ,Silver Jewellery,PSTEG21LV,#N/A,PSTEG21LV,1494,Catalogue to be done
ASRNGBG19YMA600WCZ,Silver Jewellery,RNGBG19YM,#N/A,RNGBG19YM,1133,Catalogue to be done
ASRNGBG19ZHB200WPG,Silver Jewellery,RNGBG19ZH,#N/A,RNGBG19ZH,1597,Catalogue to be done
ASRNGCG20HFA600WCZ,Silver Jewellery,RNGCG20HF,#N/A,RNGCG20HF,1030,Catalogue to be done
ASRNGCG20HIA700WCZ,Silver Jewellery,RNGCG20HI,#N/A,RNGCG20HI,927,Catalogue to be done
ASRNGCG20HKA600WCZ,Silver Jewellery,RNGCG20HK,#N/A,RNGCG20HK,1339,Catalogue to be done
ASRNGCG20HOA700WCZ,Silver Jewellery,RNGCG20HO,#N/A,RNGCG20HO,1236,Catalogue to be done
ASRNGCG20HSA700WCZ,Silver Jewellery,RNGCG20HS,#N/A,RNGCG20HS,1133,Catalogue to be done
ASRNGCG20HWA600WCZ,Silver Jewellery,RNGCG20HW,#N/A,RNGCG20HW,1339,Catalogue to be done
ASRNGCG20HWA700WCZ,Silver Jewellery,RNGCG20HW,#N/A,RNGCG20HW,1339,Catalogue to be done
ASRNGCG20IFA600WCZ,Silver Jewellery,RNGCG20IF,#N/A,RNGCG20IF,1133,Catalogue to be done
ASRNGCG20IRA600WCZ,Silver Jewellery,RNGCG20IR,#N/A,RNGCG20IR,1133,Catalogue to be done
ASRNGCG20IRA700WCZ,Silver Jewellery,RNGCG20IR,#N/A,RNGCG20IR,1133,Catalogue to be done
ASRNGDG20O4A600WCZ,Silver Jewellery,RNGDG20O4,#N/A,RNGDG20O4,1339,Catalogue to be done
ASRNGDG20O4A700WCZ,Silver Jewellery,RNGDG20O4,#N/A,RNGDG20O4,1339,Catalogue to be done
ASRNGEG21CPA700WCZ,Silver Jewellery,RNGEG21CP,#N/A,RNGEG21CP,1112,Catalogue to be done
ASRNGEG21DGA600WCZ,Silver Jewellery,RNGEG21DG,#N/A,RNGEG21DG,1030,Catalogue to be done
ASRNGEG21DGA700WCZ,Silver Jewellery,RNGEG21DG,#N/A,RNGEG21DG,1030,Catalogue to be done
ASRNGEG21DKA600WCZ,Silver Jewellery,RNGEG21DK,#N/A,RNGEG21DK,1133,Catalogue to be done
ASRNGEG21ESA700WCZ,Silver Jewellery,RNGEG21ES,#N/A,RNGEG21ES,979,Catalogue to be done
ASRNGEG21EUB200WPG,Silver Jewellery,RNGEG21EU,#N/A,RNGEG21EU,1494,Catalogue to be done
ASTORDG20ARFS00WPG,Silver Jewellery Eco,TORDG20AR,#N/A,TORDG20AR,1494,Catalogue to be done
ASANKEG21QBB400WCZ,Silver Jewellery,ANKEG21QB,#N/A,ANKEG21QB,6386,Catalogue to be done
ASANKEG21PXB500WCZ,Silver Jewellery,ANKEG21PX,#N/A,ANKEG21PX,3760,Catalogue to be done
ASANKEG21QBB500WCZ,Silver Jewellery,ANKEG21QB,#N/A,ANKEG21QB,6386,Catalogue to be done
ASANKEG21QDB400WPG,Silver Jewellery,ANKEG21QD,#N/A,ANKEG21QD,3657,Catalogue to be done
ASANKEG21QEB500WCZ,Silver Jewellery,ANKEG21QE,#N/A,ANKEG21QE,2627,Catalogue to be done
ASERGBG19000073WPG,Silver Jewellery Eco,ERGBG1900,#N/A,ERGBG1900,1751,Catalogue to be done
ASERGBG19010073WCZ,Silver Jewellery Eco,ERGBG1901,#N/A,ERGBG1901,1854,Catalogue to be done
ASERGBG19100073WCZ,Silver Jewellery Eco,ERGBG1910,#N/A,ERGBG1910,1957,Catalogue to be done
ASERGBG19120073WCZ,Silver Jewellery,ERGBG1912,#N/A,ERGBG1912,1854,Catalogue to be done
ASERGBG19140073WCZ,Silver Jewellery,ERGBG1914,#N/A,ERGBG1914,1957,Catalogue to be done
ASERGBG19160073WCZ,Silver Jewellery,ERGBG1916,#N/A,ERGBG1916,1957,Catalogue to be done
ASERGBG19170073WCZ,Silver Jewellery Eco,ERGBG1917,#N/A,ERGBG1917,2060,Catalogue to be done
ASERGBG19340073WCZ,Silver Jewellery,ERGBG1934,#N/A,ERGBG1934,2369,Catalogue to be done
ASERGBG19YG0073WPG,Silver Jewellery,ERGBG19YG,#N/A,ERGBG19YG,1030,Catalogue to be done
ASERGBG19YO0073WCZ,Silver Jewellery,ERGBG19YO,#N/A,ERGBG19YO,1133,Catalogue to be done
ASERGBG19YU0073WCZ,Silver Jewellery,ERGBG19YU,#N/A,ERGBG19YU,1236,Catalogue to be done
ASERGBG19YW0073WCZ,Silver Jewellery Eco,ERGBG19YW,#N/A,ERGBG19YW,1339,Catalogue to be done
ASERGBG19ZJ0073WCZ,Silver Jewellery,ERGBG19ZJ,#N/A,ERGBG19ZJ,1442,Catalogue to be done
ASERGBG19ZW0073WCZ,Silver Jewellery,ERGBG19ZW,#N/A,ERGBG19ZW,1751,Catalogue to be done
ASERGBG19ZX0073WPG,Silver Jewellery Eco,ERGBG19ZX,#N/A,ERGBG19ZX,1854,Catalogue to be done
ASERGCG20GD0073WCZ,Silver Jewellery,ERGCG20GD,#N/A,ERGCG20GD,1854,Catalogue to be done
ASERGCG20GE0073WCZ,Silver Jewellery,ERGCG20GE,#N/A,ERGCG20GE,1854,Catalogue to be done
ASERGCG20GK0073WCZ,Silver Jewellery,ERGCG20GK,#N/A,ERGCG20GK,1442,Catalogue to be done
ASERGCG20GN0073WCZ,Silver Jewellery,ERGCG20GN,#N/A,ERGCG20GN,1751,Catalogue to be done
ASERGCG20GP0073WCZ,Silver Jewellery,ERGCG20GP,#N/A,ERGCG20GP,1648,Catalogue to be done
ASERGCG20GS0073WCZ,Silver Jewellery,ERGCG20GS,#N/A,ERGCG20GS,1030,Catalogue to be done
ASERGCG20GW0073WCZ,Silver Jewellery,ERGCG20GW,#N/A,ERGCG20GW,1751,Catalogue to be done
ASERGCG20GX0073WCZ,Silver Jewellery,ERGCG20GX,#N/A,ERGCG20GX,1236,Catalogue to be done
ASERGCG20GY0075WCZ,Silver Jewellery,ERGCG20GY,#N/A,ERGCG20GY,1133,Catalogue to be done
ASERGCG20HA0075WCZ,Silver Jewellery,ERGCG20HA,#N/A,ERGCG20HA,1236,Catalogue to be done
ASERGDG20R50075WCZ,Silver Jewellery,ERGDG20R5,#N/A,ERGDG20R5,1339,Catalogue to be done
ASERGDG20U60073WPG,Silver Jewellery Eco,ERGDG20U6,#N/A,ERGDG20U6,1854,Catalogue to be done
ASERGDG20Y50073WCZ,Silver Jewellery,ERGDG20Y5,#N/A,ERGDG20Y5,1133,Catalogue to be done
ASERGDG20Z50075WCZ,Silver Jewellery,ERGDG20Z5,#N/A,ERGDG20Z5,2060,Catalogue to be done
ASRNGBG19YYA600WCZ,Silver Jewellery,RNGBG19YY,#N/A,RNGBG19YY,1112,Catalogue to be done
ASRNGBG19YYA700WCZ,Silver Jewellery,RNGBG19YY,#N/A,RNGBG19YY,1236,Catalogue to be done
ASRNGCG20HNA600WCZ,Silver Jewellery,RNGCG20HN,#N/A,RNGCG20HN,1236,Catalogue to be done
ASRNGCG20HUA600WCZ,Silver Jewellery,RNGCG20HU,#N/A,RNGCG20HU,1339,Catalogue to be done
ASRNGCG20HUA700WCZ,Silver Jewellery,RNGCG20HU,#N/A,RNGCG20HU,1339,Catalogue to be done
ASRNGCG20IKA600WCZ,Silver Jewellery,RNGCG20IK,#N/A,RNGCG20IK,1751,Catalogue to be done
ASRNGCG20ILA700WCZ,Silver Jewellery,RNGCG20IL,#N/A,RNGCG20IL,1648,Catalogue to be done
ASRNGDG20V2A600WCZ,Silver Jewellery,RNGDG20V2,#N/A,RNGDG20V2,1442,Catalogue to be done
ASRNGDG20V2A700WCZ,Silver Jewellery,RNGDG20V2,#N/A,RNGDG20V2,1442,Catalogue to be done
ASRNGDG20W2A600WCZ,Silver Jewellery,RNGDG20W2,#N/A,RNGDG20W2,2060,Catalogue to be done
ASRNGDG20W2A700WCZ,Silver Jewellery,RNGDG20W2,#N/A,RNGDG20W2,2060,Catalogue to be done
ASRNGCG20HLA500WCZ,Silver Jewellery,RNGCG20HL,#N/A,RNGCG20HL,927,Catalogue to be done
ASRNGEG21CTA700WCZ,Silver Jewellery,RNGEG21CT,#N/A,RNGEG21CT,1236,Catalogue to be done
SSIDLBG19OV0000WPG,Silver Idol,IDLBG19OV,#N/A,IDLBG19OV,2884,Catalogue to be done
SSIDLAG19E80000WPG,Silver Idol,IDLAG19E8,#N/A,IDLAG19E8,4017,Catalogue to be done
SSIDLDG20U70000WPG,Silver Idol,IDLDG20U7,#N/A,IDLDG20U7,1030,Catalogue to be done
SSIDLDG20CH0000WPG,Silver Idol,IDLDG20CH,#N/A,IDLDG20CH,1545,Catalogue to be done
ASBLTBG1920E400WCZ,Silver Jewellery,BLTBG1920,#N/A,BLTBG1920,2266,Catalogue to be done
4GCONGN19BM0000YPG,Gold Coins,CONGN19BM,#N/A,CONGN19BM,#N/A,Catalogue to be done
ASANKDG20AFB400WPG,Silver Jewellery,ANKDG20AF,#N/A,ANKDG20AF,4893,Catalogue to be done
ASANKDG20AGB400WPG,Silver Jewellery,ANKDG20AG,#N/A,ANKDG20AG,6541,Catalogue to be done
ASANKDG20M2FS00WPG,Silver Jewellery,ANKDG20M2,#N/A,ANKDG20M2,6180,Catalogue to be done
ASANKEG21QDB500WPG,Silver Jewellery,ANKEG21QD,#N/A,ANKEG21QD,3657,Catalogue to be done
ASBLTCG20EUB400WCZ,Silver Jewellery,BLTCG20EU,#N/A,BLTCG20EU,1545,Catalogue to be done
ASBLTCG20EVB400WCZ,Silver Jewellery,BLTCG20EV,#N/A,BLTCG20EV,1442,Catalogue to be done
ASBLTCG20EVFS00WCZ,Silver Jewellery,BLTCG20EV,#N/A,BLTCG20EV,1442,Catalogue to be done
ASBLTCG20FEE400WCZ,Silver Jewellery,BLTCG20FE,#N/A,BLTCG20FE,2781,Catalogue to be done
ASBLTCG20FKE400WCZ,Silver Jewellery,BLTCG20FK,#N/A,BLTCG20FK,2575,Catalogue to be done
ASBLTDG20A9A800WCZ,Silver Jewellery,BLTDG20A9,#N/A,BLTDG20A9,1030,Catalogue to be done
ASBLTDG20B9A800WPG,Silver Jewellery,BLTDG20B9,#N/A,BLTDG20B9,1236,Catalogue to be done
ASBLTDG20BCB100WPG,Silver Jewellery,BLTDG20BC,#N/A,BLTDG20BC,4326,Catalogue to be done
ASBLTDG20D5A700WCZ,Silver Jewellery,BLTDG20D5,#N/A,BLTDG20D5,1339,Catalogue to be done
ASBLTDG20S2A700WCZ,Silver Jewellery,BLTDG20S2,#N/A,BLTDG20S2,1236,Catalogue to be done
ASBLTDG20V4A600WCZ,Silver Jewellery,BLTDG20V4,#N/A,BLTDG20V4,1442,Catalogue to be done
ASBLTDG20V4A700WCZ,Silver Jewellery,BLTDG20V4,#N/A,BLTDG20V4,1442,Catalogue to be done
ASBLTEG21DJE300WCZ,Silver Jewellery,BLTEG21DJ,#N/A,BLTEG21DJ,2163,Catalogue to be done
ASBLTEG21DJE400WCZ,Silver Jewellery,BLTEG21DJ,#N/A,BLTEG21DJ,2163,Catalogue to be done
ASBLTEG21EZE300WCZ,Silver Jewellery,BLTEG21EZ,#N/A,BLTEG21EZ,2060,Catalogue to be done
ASBLTEG21EZE400WCZ,Silver Jewellery,BLTEG21EZ,#N/A,BLTEG21EZ,2060,Catalogue to be done
ASBLTEG21FGE300WCZ,Silver Jewellery,BLTEG21FG,#N/A,BLTEG21FG,1854,Catalogue to be done
ASBLTEG21FGE400WCZ,Silver Jewellery,BLTEG21FG,#N/A,BLTEG21FG,1854,Catalogue to be done
ASCHNEG21ACB100WPG,Silver Jewellery,CHNEG21AC,#N/A,CHNEG21AC,927,Catalogue to be done
ASCHNEG21ADB100WPG,Silver Jewellery,CHNEG21AD,#N/A,CHNEG21AD,2987,Catalogue to be done
ASCHNEG21AQB300WPG,Silver Jewellery,CHNEG21AQ,#N/A,CHNEG21AQ,670,Catalogue to be done
ASCHNEG21AWB500WPG,Silver Jewellery,CHNEG21AW,#N/A,CHNEG21AW,1854,Catalogue to be done
ASCHNEG21AYB100WPG,Silver Jewellery,CHNEG21AY,#N/A,CHNEG21AY,1648,Catalogue to be done
ASCHNEG21AYB300WPG,Silver Jewellery,CHNEG21AY,#N/A,CHNEG21AY,1648,Catalogue to be done
ASCHNEG21BBB300WPG,Silver Jewellery,CHNEG21BB,#N/A,CHNEG21BB,3708,Catalogue to be done
ASCHNEG21BBB500WPG,Silver Jewellery,CHNEG21BB,#N/A,CHNEG21BB,3708,Catalogue to be done
ASCHNEG21BDB100WPG,Silver Jewellery,CHNEG21BD,#N/A,CHNEG21BD,1545,Catalogue to be done
ASCHNEG21BHB100WPG,Silver Jewellery,CHNEG21BH,#N/A,CHNEG21BH,2318,Catalogue to be done
ASCHNEG21BHB300WPG,Silver Jewellery,CHNEG21BH,#N/A,CHNEG21BH,2318,Catalogue to be done
ASCHNEG21BJB300WPG,Silver Jewellery,CHNEG21BJ,#N/A,CHNEG21BJ,1391,Catalogue to be done
ASCHNEG21BWB100WPG,Silver Jewellery,CHNEG21BW,#N/A,CHNEG21BW,1236,Catalogue to be done
ASCHNEG21BWB300WPG,Silver Jewellery,CHNEG21BW,#N/A,CHNEG21BW,1236,Catalogue to be done
ASCHNEG21BZB300WPG,Silver Jewellery,CHNEG21BZ,#N/A,CHNEG21BZ,927,Catalogue to be done
ASCHNEG21CIB100WPG,Silver Jewellery,CHNEG21CI,#N/A,CHNEG21CI,515,Catalogue to be done
ASERGBG19250073WCZ,Silver Jewellery,ERGBG1925,#N/A,ERGBG1925,2575,Catalogue to be done
ASERGBG19330073WCZ,Silver Jewellery,ERGBG1933,#N/A,ERGBG1933,2472,Catalogue to be done
ASERGBG19XQ0073WCZ,Silver Jewellery,ERGBG19XQ,#N/A,ERGBG19XQ,927,Catalogue to be done
ASERGBG19ZR0073WCZ,Silver Jewellery,ERGBG19ZR,#N/A,ERGBG19ZR,1648,Catalogue to be done
ASERGCG20CM0073WCZ,Silver Jewellery,ERGCG20CM,#N/A,ERGCG20CM,1648,Catalogue to be done
ASERGDG20K60073WCZ,Silver Jewellery,ERGDG20K6,#N/A,ERGDG20K6,834,Catalogue to be done
ASERGEG21CS0073WCZ,Silver Jewellery,ERGEG21CS,#N/A,ERGEG21CS,1597,Catalogue to be done
ASERGEG21DX0073WCZ,Silver Jewellery,ERGEG21DX,#N/A,ERGEG21DX,1030,Catalogue to be done
ASERGEG21EC0073WCZ,Silver Jewellery,ERGEG21EC,#N/A,ERGEG21EC,1957,Catalogue to be done
ASNKLDG20T90000WCZ,Silver Jewellery,NKLDG20T9,#N/A,NKLDG20T9,1339,Catalogue to be done
ASPDTCG20CH0000WCZ,Silver Jewellery,PDTCG20CH,#N/A,PDTCG20CH,721,Catalogue to be done
ASRNGBG19VKA600WCZ,Silver Jewellery,RNGBG19VK,#N/A,RNGBG19VK,412,Catalogue to be done
ASRNGBG19VMA600WCZ,Silver Jewellery,RNGBG19VM,#N/A,RNGBG19VM,464,Catalogue to be done
ASRNGBG19VMA700WCZ,Silver Jewellery,RNGBG19VM,#N/A,RNGBG19VM,464,Catalogue to be done
ASRNGBG19VMA800WCZ,Silver Jewellery,RNGBG19VM,#N/A,RNGBG19VM,464,Catalogue to be done
ASRNGBG19VPA600WCZ,Silver Jewellery,RNGBG19VP,#N/A,RNGBG19VP,515,Catalogue to be done
ASRNGBG19VPA700WCZ,Silver Jewellery,RNGBG19VP,#N/A,RNGBG19VP,515,Catalogue to be done
ASRNGBG19VPA800WCZ,Silver Jewellery,RNGBG19VP,#N/A,RNGBG19VP,515,Catalogue to be done
ASRNGBG19VUA600WCZ,Silver Jewellery,RNGBG19VU,#N/A,RNGBG19VU,515,Catalogue to be done
ASRNGBG19VUA700WCZ,Silver Jewellery,RNGBG19VU,#N/A,RNGBG19VU,515,Catalogue to be done
ASRNGBG19VUA800WCZ,Silver Jewellery,RNGBG19VU,#N/A,RNGBG19VU,515,Catalogue to be done
ASRNGBG19VVA600WCZ,Silver Jewellery,RNGBG19VV,#N/A,RNGBG19VV,515,Catalogue to be done
ASRNGBG19VVA700WCZ,Silver Jewellery,RNGBG19VV,#N/A,RNGBG19VV,515,Catalogue to be done
ASRNGBG19VVA800WCZ,Silver Jewellery,RNGBG19VV,#N/A,RNGBG19VV,515,Catalogue to be done
ASRNGBG19WHA700WCZ,Silver Jewellery,RNGBG19WH,#N/A,RNGBG19WH,618,Catalogue to be done
ASRNGBG19WQA700WCZ,Silver Jewellery,RNGBG19WQ,#N/A,RNGBG19WQ,721,Catalogue to be done
ASRNGBG19WUA500WCZ,Silver Jewellery,RNGBG19WU,#N/A,RNGBG19WU,721,Catalogue to be done
ASRNGBG19WWA600WCZ,Silver Jewellery,RNGBG19WW,#N/A,RNGBG19WW,721,Catalogue to be done
ASRNGBG19XAA600WCZ,Silver Jewellery,RNGBG19XA,#N/A,RNGBG19XA,721,Catalogue to be done
ASRNGBG19XEA700WCZ,Silver Jewellery,RNGBG19XE,#N/A,RNGBG19XE,773,Catalogue to be done
ASRNGBG19XKA700WCZ,Silver Jewellery,RNGBG19XK,#N/A,RNGBG19XK,824,Catalogue to be done
ASRNGBG19XKA800WCZ,Silver Jewellery,RNGBG19XK,#N/A,RNGBG19XK,824,Catalogue to be done
ASRNGBG19XMA800WCZ,Silver Jewellery,RNGBG19XM,#N/A,RNGBG19XM,927,Catalogue to be done
ASRNGBG19XOA500WCZ,Silver Jewellery,RNGBG19XO,#N/A,RNGBG19XO,824,Catalogue to be done
ASRNGBG19XOA600WCZ,Silver Jewellery,RNGBG19XO,#N/A,RNGBG19XO,824,Catalogue to be done
ASRNGBG19YDA600WCZ,Silver Jewellery,RNGBG19YD,#N/A,RNGBG19YD,979,Catalogue to be done
ASRNGBG19YDA700WCZ,Silver Jewellery,RNGBG19YD,#N/A,RNGBG19YD,979,Catalogue to be done
ASRNGBG19YDA800WCZ,Silver Jewellery,RNGBG19YD,#N/A,RNGBG19YD,979,Catalogue to be done
ASRNGBG19YFA500WCZ,Silver Jewellery,RNGBG19YF,#N/A,RNGBG19YF,1030,Catalogue to be done
ASRNGBG19YFA600WCZ,Silver Jewellery,RNGBG19YF,#N/A,RNGBG19YF,1030,Catalogue to be done
ASRNGBG19YFA700WCZ,Silver Jewellery,RNGBG19YF,#N/A,RNGBG19YF,1030,Catalogue to be done
ASRNGBG19YFA800WCZ,Silver Jewellery,RNGBG19YF,#N/A,RNGBG19YF,1030,Catalogue to be done
ASRNGCG20CEA600WCZ,Silver Jewellery,RNGCG20CE,#N/A,RNGCG20CE,1236,Catalogue to be done
ASRNGCG20CEA700WCZ,Silver Jewellery,RNGCG20CE,#N/A,RNGCG20CE,1236,Catalogue to be done
ASRNGCG20CIA600WCZ,Silver Jewellery,RNGCG20CI,#N/A,RNGCG20CI,1339,Catalogue to be done
ASRNGCG20CIA700WCZ,Silver Jewellery,RNGCG20CI,#N/A,RNGCG20CI,1339,Catalogue to be done
ASRNGCG20CJA600WCZ,Silver Jewellery,RNGCG20CJ,#N/A,RNGCG20CJ,824,Catalogue to be done
ASRNGCG20CJA700WCZ,Silver Jewellery,RNGCG20CJ,#N/A,RNGCG20CJ,824,Catalogue to be done
ASRNGCG20CJA800WCZ,Silver Jewellery,RNGCG20CJ,#N/A,RNGCG20CJ,824,Catalogue to be done
ASRNGCG20CKA600WCZ,Silver Jewellery,RNGCG20CK,#N/A,RNGCG20CK,927,Catalogue to be done
ASRNGCG20HHA800WCZ,Silver Jewellery,RNGCG20HH,#N/A,RNGCG20HH,927,Catalogue to be done
ASRNGCG20HIA800WCZ,Silver Jewellery,RNGCG20HI,#N/A,RNGCG20HI,927,Catalogue to be done
ASRNGCG20HJA800WCZ,Silver Jewellery,RNGCG20HJ,#N/A,RNGCG20HJ,1648,Catalogue to be done
ASRNGCG20HKA800WCZ,Silver Jewellery,RNGCG20HK,#N/A,RNGCG20HK,1339,Catalogue to be done
ASRNGCG20HOA600WCZ,Silver Jewellery,RNGCG20HO,#N/A,RNGCG20HO,1236,Catalogue to be done
ASRNGCG20HOA800WCZ,Silver Jewellery,RNGCG20HO,#N/A,RNGCG20HO,1236,Catalogue to be done
ASRNGCG20HQA600WCZ,Silver Jewellery,RNGCG20HQ,#N/A,RNGCG20HQ,1442,Catalogue to be done
ASRNGCG20HQA800WCZ,Silver Jewellery,RNGCG20HQ,#N/A,RNGCG20HQ,1442,Catalogue to be done
ASRNGCG20HRA600WCZ,Silver Jewellery,RNGCG20HR,#N/A,RNGCG20HR,1236,Catalogue to be done
ASRNGCG20HRA700WCZ,Silver Jewellery,RNGCG20HR,#N/A,RNGCG20HR,1236,Catalogue to be done
ASRNGCG20HRA800WCZ,Silver Jewellery,RNGCG20HR,#N/A,RNGCG20HR,1236,Catalogue to be done
ASRNGCG20HSA600WCZ,Silver Jewellery,RNGCG20HS,#N/A,RNGCG20HS,1133,Catalogue to be done
ASRNGCG20HTA600WCZ,Silver Jewellery,RNGCG20HT,#N/A,RNGCG20HT,1133,Catalogue to be done
ASRNGCG20HTA800WCZ,Silver Jewellery,RNGCG20HT,#N/A,RNGCG20HT,1133,Catalogue to be done
ASRNGDG20A3A600WCZ,Silver Jewellery,RNGDG20A3,#N/A,RNGDG20A3,1030,Catalogue to be done
ASRNGDG20B4B200WPG,Silver Jewellery,RNGDG20B4,#N/A,RNGDG20B4,1236,Catalogue to be done
ASRNGDG20C4A600WCZ,Silver Jewellery,RNGDG20C4,#N/A,RNGDG20C4,618,Catalogue to be done
ASRNGDG20C4A800WCZ,Silver Jewellery,RNGDG20C4,#N/A,RNGDG20C4,618,Catalogue to be done
ASRNGDG20D3A500WCZ,Silver Jewellery,RNGDG20D3,#N/A,RNGDG20D3,1030,Catalogue to be done
ASRNGDG20D3A600WCZ,Silver Jewellery,RNGDG20D3,#N/A,RNGDG20D3,1030,Catalogue to be done
ASRNGDG20D3A700WCZ,Silver Jewellery,RNGDG20D3,#N/A,RNGDG20D3,1030,Catalogue to be done
ASRNGDG20D4A600WCZ,Silver Jewellery,RNGDG20D4,#N/A,RNGDG20D4,1133,Catalogue to be done
ASRNGDG20D4A700WCZ,Silver Jewellery,RNGDG20D4,#N/A,RNGDG20D4,1133,Catalogue to be done
ASRNGDG20E3A600WCZ,Silver Jewellery,RNGDG20E3,#N/A,RNGDG20E3,1133,Catalogue to be done
ASRNGDG20E3A700WCZ,Silver Jewellery,RNGDG20E3,#N/A,RNGDG20E3,1133,Catalogue to be done
ASRNGDG20E4A500WCZ,Silver Jewellery,RNGDG20E4,#N/A,RNGDG20E4,824,Catalogue to be done
ASRNGDG20E4A600WCZ,Silver Jewellery,RNGDG20E4,#N/A,RNGDG20E4,824,Catalogue to be done
ASRNGDG20E4A700WCZ,Silver Jewellery,RNGDG20E4,#N/A,RNGDG20E4,824,Catalogue to be done
ASRNGDG20E4A800WCZ,Silver Jewellery,RNGDG20E4,#N/A,RNGDG20E4,824,Catalogue to be done
ASRNGDG20F3A600WCZ,Silver Jewellery,RNGDG20F3,#N/A,RNGDG20F3,1030,Catalogue to be done
ASRNGDG20F3A700WCZ,Silver Jewellery,RNGDG20F3,#N/A,RNGDG20F3,1030,Catalogue to be done
ASRNGDG20F3A800WCZ,Silver Jewellery,RNGDG20F3,#N/A,RNGDG20F3,1030,Catalogue to be done
ASRNGDG20F4A600WCZ,Silver Jewellery,RNGDG20F4,#N/A,RNGDG20F4,927,Catalogue to be done
ASRNGDG20F4A700WCZ,Silver Jewellery,RNGDG20F4,#N/A,RNGDG20F4,927,Catalogue to be done
ASRNGDG20F4A800WCZ,Silver Jewellery,RNGDG20F4,#N/A,RNGDG20F4,927,Catalogue to be done
ASRNGDG20G4A800WCZ,Silver Jewellery,RNGDG20G4,#N/A,RNGDG20G4,927,Catalogue to be done
ASRNGDG20H3A600WCZ,Silver Jewellery,RNGDG20H3,#N/A,RNGDG20H3,1648,Catalogue to be done
ASRNGDG20H3A800WCZ,Silver Jewellery,RNGDG20H3,#N/A,RNGDG20H3,1648,Catalogue to be done
ASRNGDG20H4A500WCZ,Silver Jewellery,RNGDG20H4,#N/A,RNGDG20H4,824,Catalogue to be done
ASRNGDG20H4A600WCZ,Silver Jewellery,RNGDG20H4,#N/A,RNGDG20H4,824,Catalogue to be done
ASRNGDG20H4A700WCZ,Silver Jewellery,RNGDG20H4,#N/A,RNGDG20H4,824,Catalogue to be done
ASRNGDG20I3A600WCZ,Silver Jewellery,RNGDG20I3,#N/A,RNGDG20I3,721,Catalogue to be done
ASRNGDG20I3A700WCZ,Silver Jewellery,RNGDG20I3,#N/A,RNGDG20I3,721,Catalogue to be done
ASRNGDG20J3A800WCZ,Silver Jewellery,RNGDG20J3,#N/A,RNGDG20J3,824,Catalogue to be done
ASRNGDG20L3A600WCZ,Silver Jewellery,RNGDG20L3,#N/A,RNGDG20L3,824,Catalogue to be done
ASRNGDG20L3A700WCZ,Silver Jewellery,RNGDG20L3,#N/A,RNGDG20L3,824,Catalogue to be done
ASRNGDG20M3A600WCZ,Silver Jewellery,RNGDG20M3,#N/A,RNGDG20M3,824,Catalogue to be done
ASRNGDG20R3A600WCZ,Silver Jewellery,RNGDG20R3,#N/A,RNGDG20R3,824,Catalogue to be done
ASRNGDG20R3A700WCZ,Silver Jewellery,RNGDG20R3,#N/A,RNGDG20R3,824,Catalogue to be done
ASRNGDG20R4A600WCZ,Silver Jewellery,RNGDG20R4,#N/A,RNGDG20R4,824,Catalogue to be done
ASRNGDG20R4A700WCZ,Silver Jewellery,RNGDG20R4,#N/A,RNGDG20R4,824,Catalogue to be done
ASRNGDG20R4A800WCZ,Silver Jewellery,RNGDG20R4,#N/A,RNGDG20R4,824,Catalogue to be done
ASRNGDG20S3A600WCZ,Silver Jewellery,RNGDG20S3,#N/A,RNGDG20S3,824,Catalogue to be done
ASRNGDG20S3A700WCZ,Silver Jewellery,RNGDG20S3,#N/A,RNGDG20S3,824,Catalogue to be done
ASRNGDG20S8A700WCZ,Silver Jewellery,RNGDG20S8,#N/A,RNGDG20S8,1957,Catalogue to be done
ASRNGDG20S8A800WCZ,Silver Jewellery,RNGDG20S8,#N/A,RNGDG20S8,1957,Catalogue to be done
ASRNGDG20T3A500WCZ,Silver Jewellery,RNGDG20T3,#N/A,RNGDG20T3,824,Catalogue to be done
ASRNGDG20T3A600WCZ,Silver Jewellery,RNGDG20T3,#N/A,RNGDG20T3,824,Catalogue to be done
ASRNGDG20T3A700WCZ,Silver Jewellery,RNGDG20T3,#N/A,RNGDG20T3,824,Catalogue to be done
ASRNGDG20U3A600WCZ,Silver Jewellery,RNGDG20U3,#N/A,RNGDG20U3,824,Catalogue to be done
ASRNGDG20U3A700WCZ,Silver Jewellery,RNGDG20U3,#N/A,RNGDG20U3,824,Catalogue to be done
ASRNGDG20V3A500WCZ,Silver Jewellery,RNGDG20V3,#N/A,RNGDG20V3,927,Catalogue to be done
ASRNGDG20V3A600WCZ,Silver Jewellery,RNGDG20V3,#N/A,RNGDG20V3,927,Catalogue to be done
ASRNGDG20V3A700WCZ,Silver Jewellery,RNGDG20V3,#N/A,RNGDG20V3,927,Catalogue to be done
ASRNGDG20W3A500WCZ,Silver Jewellery,RNGDG20W3,#N/A,RNGDG20W3,1030,Catalogue to be done
ASRNGDG20W3A600WCZ,Silver Jewellery,RNGDG20W3,#N/A,RNGDG20W3,1030,Catalogue to be done
ASRNGDG20W3A700WCZ,Silver Jewellery,RNGDG20W3,#N/A,RNGDG20W3,1030,Catalogue to be done
ASRNGDG20W3A800WCZ,Silver Jewellery,RNGDG20W3,#N/A,RNGDG20W3,1030,Catalogue to be done
ASRNGDG20X2B200WCZ,Silver Jewellery,RNGDG20X2,#N/A,RNGDG20X2,1236,Catalogue to be done
ASRNGDG20Z2A600WCZ,Silver Jewellery,RNGDG20Z2,#N/A,RNGDG20Z2,1133,Catalogue to be done
ASRNGDG20Z2A700WCZ,Silver Jewellery,RNGDG20Z2,#N/A,RNGDG20Z2,1133,Catalogue to be done
ASRNGDG20Z2A800WCZ,Silver Jewellery,RNGDG20Z2,#N/A,RNGDG20Z2,1133,Catalogue to be done
ASRNGDG20Z3A600WCZ,Silver Jewellery,RNGDG20Z3,#N/A,RNGDG20Z3,1442,Catalogue to be done
ASRNGDG20Z3A700WCZ,Silver Jewellery,RNGDG20Z3,#N/A,RNGDG20Z3,1442,Catalogue to be done
ASRNGDG20Z3A800WCZ,Silver Jewellery,RNGDG20Z3,#N/A,RNGDG20Z3,1442,Catalogue to be done
ASRNGEG21CQA500WCZ,Silver Jewellery,RNGEG21CQ,#N/A,RNGEG21CQ,773,Catalogue to be done
ASRNGEG21CQA700WCZ,Silver Jewellery,RNGEG21CQ,#N/A,RNGEG21CQ,773,Catalogue to be done
ASRNGEG21DKA500WCZ,Silver Jewellery,RNGEG21DK,#N/A,RNGEG21DK,1133,Catalogue to be done
ASRNGEG21DKA700WCZ,Silver Jewellery,RNGEG21DK,#N/A,RNGEG21DK,1133,Catalogue to be done
ASRNGEG21EFA500WCZ,Silver Jewellery,RNGEG21EF,#N/A,RNGEG21EF,1030,Catalogue to be done
ASRNGEG21EFA700WCZ,Silver Jewellery,RNGEG21EF,#N/A,RNGEG21EF,1030,Catalogue to be done
ASRNGEG21EFA800WCZ,Silver Jewellery,RNGEG21EF,#N/A,RNGEG21EF,1030,Catalogue to be done
ASRNGEG21EGA500WCZ,Silver Jewellery,RNGEG21EG,#N/A,RNGEG21EG,1030,Catalogue to be done
ASRNGEG21EGA800WCZ,Silver Jewellery,RNGEG21EG,#N/A,RNGEG21EG,1030,Catalogue to be done
ASRNGEG21NXA700WCZ,Silver Jewellery,RNGEG21NX,#N/A,RNGEG21NX,1133,Catalogue to be done
ASRNGEG21OGB200WCZ,Silver Jewellery,RNGEG21OG,#N/A,RNGEG21OG,1442,Catalogue to be done
ASRNGEG21OKA500WCZ,Silver Jewellery,RNGEG21OK,#N/A,RNGEG21OK,1030,Catalogue to be done
ASRNGEG21RNA800WCZ,Silver Jewellery,RNGEG21RN,#N/A,RNGEG21RN,1648,Catalogue to be done
ASBLTFG22GAFS00WPG,Silver Jewellery,BLTFG22GA,#N/A,BLTFG22GA,721,Catalogue to be done
ASBLTFG22GBFS00WPG,Silver Jewellery,BLTFG22GB,#N/A,BLTFG22GB,824,Catalogue to be done
ASBLTFG22GDFS00WPG,Silver Jewellery,BLTFG22GD,#N/A,BLTFG22GD,1185,Catalogue to be done
ASBLTFG22GEFS00WPG,Silver Jewellery,BLTFG22GE,#N/A,BLTFG22GE,1545,Catalogue to be done
ASBLTFG22GFFS00WPG,Silver Jewellery,BLTFG22GF,#N/A,BLTFG22GF,2730,Catalogue to be done
SSCONRL19AB0000WPG,Silver Coins,CONRL19AB,#N/A,CONRL19AB,#N/A,Catalogue to be done
ASERGDG20L60073WCZ,Silver Jewellery,ERGDG20L6,#N/A,ERGDG20L6,721,Catalogue to be done
ASRNGEG21EXB400WPG,Silver Jewellery,RNGEG21EX,#N/A,RNGEG21EX,2060,Catalogue to be done
ASTOREG21MDFS00WPG,Silver Jewellery,TOREG21MD,#N/A,TOREG21MD,618,Catalogue to be done
ASRNGFG22FQA500WCZ,Silver Jewellery,RNGFG22FQ,#N/A,RNGFG22FQ,1082,Catalogue to be done
ASRNGFG22FQA700WCZ,Silver Jewellery,RNGFG22FQ,#N/A,RNGFG22FQ,1082,Catalogue to be done
ASRNGFG22FQA800WCZ,Silver Jewellery,RNGFG22FQ,#N/A,RNGFG22FQ,1082,Catalogue to be done
ASRNGFG22FSA600WCZ,Silver Jewellery,RNGFG22FS,#N/A,RNGFG22FS,824,Catalogue to be done
ASRNGFG22FSA700WCZ,Silver Jewellery,RNGFG22FS,#N/A,RNGFG22FS,824,Catalogue to be done
ASRNGFG22FSA800WCZ,Silver Jewellery,RNGFG22FS,#N/A,RNGFG22FS,824,Catalogue to be done
ASRNGFG22FTA600WCZ,Silver Jewellery,RNGFG22FT,#N/A,RNGFG22FT,1236,Catalogue to be done
ASRNGFG22FTA700WCZ,Silver Jewellery,RNGFG22FT,#N/A,RNGFG22FT,1236,Catalogue to be done
ASRNGFG22FTA800WCZ,Silver Jewellery,RNGFG22FT,#N/A,RNGFG22FT,1236,Catalogue to be done
ASRNGFG22FVA600WPG,Silver Jewellery,RNGFG22FV,#N/A,RNGFG22FV,1082,Catalogue to be done
ASRNGFG22FVA900WPG,Silver Jewellery,RNGFG22FV,#N/A,RNGFG22FV,1082,Catalogue to be done
ASRNGFG22FXA600WPG,Silver Jewellery,RNGFG22FX,#N/A,RNGFG22FX,927,Catalogue to be done
ASRNGFG22FXA700WPG,Silver Jewellery,RNGFG22FX,#N/A,RNGFG22FX,927,Catalogue to be done
SSIDLFG22GG0000WPG,Silver Idol,IDLFG22GG,#N/A,IDLFG22GG,3348,Catalogue to be done
SSIDLFG22GH0000WPG,Silver Idol,IDLFG22GH,#N/A,IDLFG22GH,6335,Catalogue to be done
SSIDLFG22GI0000WPG,Silver Idol,IDLFG22GI,#N/A,IDLFG22GI,7159,Catalogue to be done
SSIDLEG21SW0000WPG,Silver Idol,IDLEG21SW,#N/A,IDLEG21SW,3554,Catalogue to be done
SSIDLFG22OY0000WPG,Silver Idol,IDLFG22OY,#N/A,IDLFG22OY,1082,Catalogue to be done
SSIDLEG21SX0000WPG,Silver Idol,IDLEG21SX,#N/A,IDLEG21SX,3914,Catalogue to be done
ASRNGEG21VNA500WPG,Silver Jewellery,RNGEG21VN,#N/A,RNGEG21VN,1133,Catalogue to be done
ASRNGEG21VNA700WPG,Silver Jewellery,RNGEG21VN,#N/A,RNGEG21VN,1133,Catalogue to be done
ASTORFG22IFFS00WCZ,Silver Jewellery,TORFG22IF,#N/A,TORFG22IF,876,Catalogue to be done
SSIDLFG22PB0000WPG,Silver Idol,IDLFG22PB,#N/A,IDLFG22PB,2936,Catalogue to be done
SSIDLFG22BF0000WPG,Silver Idol,IDLFG22BF,#N/A,IDLFG22BF,10249,Catalogue to be done
ASRNGFG22KXA500WCZ,Silver Jewellery,RNGFG22KX,#N/A,RNGFG22KX,1494,Catalogue to be done
SSIDLFG22PC0000WPG,Silver Idol,IDLFG22PC,#N/A,IDLFG22PC,7519,Catalogue to be done
4GBARRL21AA0000YPG,Gold Bar,BARRL21AA,#N/A,BARRL21AA,#N/A,Catalogue to be done
ASANKEG21PWB400WPG,Silver Jewellery,ANKEG21PW,#N/A,ANKEG21PW,6644,Catalogue to be done
ASANKEG21PXB400WCZ,Silver Jewellery,ANKEG21PX,#N/A,ANKEG21PX,3760,Catalogue to be done
ASANKEG21QFB500WCZ,Silver Jewellery,ANKEG21QF,#N/A,ANKEG21QF,8704,Catalogue to be done
ASANKEG21QIB500WCZ,Silver Jewellery,ANKEG21QI,#N/A,ANKEG21QI,8652,Catalogue to be done
ASANKEG21QJB400WCZ,Silver Jewellery,ANKEG21QJ,#N/A,ANKEG21QJ,6644,Catalogue to be done
ASBLTEG21KPA600WCZ,Silver Jewellery,BLTEG21KP,#N/A,BLTEG21KP,3502,Catalogue to be done
ASRNGEG21DLA700WCZ,Silver Jewellery,RNGEG21DL,#N/A,RNGEG21DL,1030,Catalogue to be done
ASRNGEG21DTA700WCZ,Silver Jewellery,RNGEG21DT,#N/A,RNGEG21DT,1030,Catalogue to be done
ASRNGEG21EGA700WCZ,Silver Jewellery,RNGEG21EG,#N/A,RNGEG21EG,1030,Catalogue to be done
ASRNGEG21EUB300WPG,Silver Jewellery,RNGEG21EU,#N/A,RNGEG21EU,1494,Catalogue to be done
ASRNGEG21EVB300WPG,Silver Jewellery,RNGEG21EV,#N/A,RNGEG21EV,2009,Catalogue to be done
ASRNGEG21EXB200WPG,Silver Jewellery,RNGEG21EX,#N/A,RNGEG21EX,2060,Catalogue to be done
ASRNGEG21FBA700WCZ,Silver Jewellery,RNGEG21FB,#N/A,RNGEG21FB,1030,Catalogue to be done
ASRNGEG21NYA700WCZ,Silver Jewellery,RNGEG21NY,#N/A,RNGEG21NY,1597,Catalogue to be done
ASRNGEG21OAA500WCZ,Silver Jewellery,RNGEG21OA,#N/A,RNGEG21OA,1030,Catalogue to be done
ASRNGEG21OHA700WCZ,Silver Jewellery,RNGEG21OH,#N/A,RNGEG21OH,1030,Catalogue to be done
ASRNGEG21PCB200WPG,Silver Jewellery,RNGEG21PC,#N/A,RNGEG21PC,2060,Catalogue to be done
ASRNGEG21QZB400WPG,Silver Jewellery,RNGEG21QZ,#N/A,RNGEG21QZ,1700,Catalogue to be done
ASRNGEG21ROA600WCZ,Silver Jewellery,RNGEG21RO,#N/A,RNGEG21RO,1030,Catalogue to be done
ASRNGEG21RPA800WCZ,Silver Jewellery,RNGEG21RP,#N/A,RNGEG21RP,1288,Catalogue to be done
ASRNGEG21RTA900WCZ,Silver Jewellery,RNGEG21RT,#N/A,RNGEG21RT,1339,Catalogue to be done
ASTOREG21MFFS00WCZ,Silver Jewellery,TOREG21MF,#N/A,TOREG21MF,670,Catalogue to be done
ASTOREG21MIFS00WCZ,Silver Jewellery,TOREG21MI,#N/A,TOREG21MI,670,Catalogue to be done
ASTOREG21MLFS00WCZ,Silver Jewellery,TOREG21ML,#N/A,TOREG21ML,618,Catalogue to be done
ASTOREG21MPFS00WCZ,Silver Jewellery,TOREG21MP,#N/A,TOREG21MP,824,Catalogue to be done
ASTOREG21MQFS00WCZ,Silver Jewellery,TOREG21MQ,#N/A,TOREG21MQ,670,Catalogue to be done
ASTOREG21MTFS00WCZ,Silver Jewellery,TOREG21MT,#N/A,TOREG21MT,824,Catalogue to be done
ASTOREG21NCFS00WCZ,Silver Jewellery,TOREG21NC,#N/A,TOREG21NC,773,Catalogue to be done
ASTOREG21NDFS00WCZ,Silver Jewellery,TOREG21ND,#N/A,TOREG21ND,721,Catalogue to be done
ASTOREG21NGFS00WCZ,Silver Jewellery,TOREG21NG,#N/A,TOREG21NG,670,Catalogue to be done
ASTOREG21NOFS00WCZ,Silver Jewellery,TOREG21NO,#N/A,TOREG21NO,618,Catalogue to be done
ASTOREG21NTFS00WCZ,Silver Jewellery,TOREG21NT,#N/A,TOREG21NT,876,Catalogue to be done
ASTOREG21REFS00WPG,Silver Jewellery,TOREG21RE,#N/A,TOREG21RE,1545,Catalogue to be done
ASTOREG21RIFS00WCZ,Silver Jewellery,TOREG21RI,#N/A,TOREG21RI,1236,Catalogue to be done
ASPDTEG21QS0000WCZ,Silver Jewellery,PDTEG21QS,#N/A,PDTEG21QS,773,Catalogue to be done
ASRNGEG21CNA700WCZ,Silver Jewellery,RNGEG21CN,#N/A,RNGEG21CN,1030,Catalogue to be done
ASTOREG21LXFS00WPG,Silver Jewellery,TOREG21LX,#N/A,TOREG21LX,618,Catalogue to be done
4GCONRL19BH0000YPG,Gold Coins,CONRL19BH,#N/A,CONRL19BH,#N/A,Catalogue to be done
SSIDLFG22OZ0000WPG,Silver Idol,IDLFG22OZ,#N/A,IDLFG22OZ,3039,Catalogue to be done
SSIDLFG22PI0000WPG,Silver Idol,IDLFG22PI,#N/A,IDLFG22PI,2575,Catalogue to be done
SSIDLFG22PD0000WPG,Silver Idol,IDLFG22PD,#N/A,IDLFG22PD,6592,Catalogue to be done
SSIDLFG22PH0000WPG,Silver Idol,IDLFG22PH,#N/A,IDLFG22PH,3914,Catalogue to be done
SSIDLFG22PE0000WPG,Silver Idol,IDLFG22PE,#N/A,IDLFG22PE,4017,Catalogue to be done
4GCONEC21AU0000YPG,Gold Coins,CONEC21AU,#N/A,CONEC21AU,#N/A,Catalogue to be done
4GCONRL19BD0000YPG,Gold Coins,CONRL19BD,#N/A,CONRL19BD,#N/A,Catalogue to be done
ASANKFG2260B400WCZ,Silver Jewellery,ANKFG2260,#N/A,ANKFG2260,3089,Catalogue to be done
ASBLTFG2253E400WCZ,Silver Jewellery,BLTFG2253,#N/A,BLTFG2253,3913,Catalogue to be done
ASBLTFG2259E400WCZ,Silver Jewellery,BLTFG2259,#N/A,BLTFG2259,2574,Catalogue to be done
ASBLTFG2261FS00WCZ,Silver Jewellery,BLTFG2261,#N/A,BLTFG2261,2574,Catalogue to be done
ASBLTFG2263E400WCZ,Silver Jewellery,BLTFG2263,#N/A,BLTFG2263,2059,Catalogue to be done
ASBLTFG2264E400WCZ,Silver Jewellery,BLTFG2264,#N/A,BLTFG2264,2059,Catalogue to be done
ASERGFG22490073WCZ,Silver Jewellery,ERGFG2249,#N/A,ERGFG2249,1029,Catalogue to be done
ASERGFG22500073WCZ,Silver Jewellery,ERGFG2250,#N/A,ERGFG2250,1544,Catalogue to be done
ASERGFG22510073WCZ,Silver Jewellery,ERGFG2251,#N/A,ERGFG2251,1544,Catalogue to be done
ASERGFG22560073WCZ,Silver Jewellery,ERGFG2256,#N/A,ERGFG2256,1544,Catalogue to be done
ASERGFG22570075WCZ,Silver Jewellery,ERGFG2257,#N/A,ERGFG2257,1853,Catalogue to be done
ASERGFG22650075WCZ,Silver Jewellery,ERGFG2265,#N/A,ERGFG2265,1544,Catalogue to be done
ASERGFG22660075WCZ,Silver Jewellery,ERGFG2266,#N/A,ERGFG2266,2574,Catalogue to be done
ASERGFG22670075WPG,Silver Jewellery,ERGFG2267,#N/A,ERGFG2267,1853,Catalogue to be done
ASERGFG22690075WCZ,Silver Jewellery,ERGFG2269,#N/A,ERGFG2269,1544,Catalogue to be done
ASNKLFG22480000WCZ,Silver Jewellery,NKLFG2248,#N/A,NKLFG2248,2059,Catalogue to be done
ASNKLFG22680000WCZ,Silver Jewellery,NKLFG2268,#N/A,NKLFG2268,1750,Catalogue to be done
ASRNGFG2254FS00WCZ,Silver Jewellery,RNGFG2254,#N/A,RNGFG2254,823,Catalogue to be done
ASRNGFG2255FS00WCZ,Silver Jewellery,RNGFG2255,#N/A,RNGFG2255,1647,Catalogue to be done
ASRNGFG2258FS00WCZ,Silver Jewellery,RNGFG2258,#N/A,RNGFG2258,823,Catalogue to be done
ASRNGFG2262FS00WCZ,Silver Jewellery,RNGFG2262,#N/A,RNGFG2262,823,Catalogue to be done
ASRNGFG2287FS00WCZ,Silver Jewellery,RNGFG2287,#N/A,RNGFG2287,823,Catalogue to be done
ASRNGFG2288FS00WCZ,Silver Jewellery,RNGFG2288,#N/A,RNGFG2288,823,Catalogue to be done
ASRNGFG2289FS00WCZ,Silver Jewellery,RNGFG2289,#N/A,RNGFG2289,1029,Catalogue to be done
ASRNGFG2290FS00WCZ,Silver Jewellery,RNGFG2290,#N/A,RNGFG2290,1029,Catalogue to be done
ASRNGFG2291FS00WCZ,Silver Jewellery,RNGFG2291,#N/A,RNGFG2291,1647,Catalogue to be done
ASRNGFG2292FS00WCZ,Silver Jewellery,RNGFG2292,#N/A,RNGFG2292,823,Catalogue to be done
4GCONRL19BL0000YPG,Gold Coins,CONRL19BL,#N/A,CONRL19BL,#N/A,Catalogue to be done